Date,Fiscal Year,Fiscal Week,Need States,Total Sales,Total Trade Spend ($),Factory POS ($),EComm POS ($),Dc Amount,Store Amt On Hand
2021-01-04,2021,1,Need State 1,132818.25,5552,317435.25,3684.75,1445929.5,3667244.25
2021-01-11,2021,2,Need State 1,395708.25,18939,309234.75,3426.75,1615275.0,3622755.0
2021-01-18,2021,3,Need State 1,207779.25,11346,331149.0,4221.75,1389862.5,3573918.75
2021-01-25,2021,4,Need State 1,323169.75,4801,291885.0,2959.5,1111251.0,3528955.5
2021-02-01,2021,5,Need State 1,71536.5,17470,308238.0,3402.75,1040040.75,3538705.5
2021-02-08,2021,6,Need State 1,980441.25,17691,267614.25,3440.25,1281405.0,3591575.25
2021-02-15,2021,7,Need State 1,316326.0,14269,277594.5,2619.0,1516268.25,3553807.5
2021-02-22,2021,8,Need State 1,480405.0,9444,288708.0,3240.75,1982263.5,3485017.5
2021-03-01,2021,9,Need State 1,1341342.75,18934,305426.25,3461.25,2972025.75,3438627.75
2021-03-08,2021,10,Need State 1,2721590.25,2801,366468.75,3045.0,3278752.5,3430857.0
2021-03-15,2021,11,Need State 1,808580.25,19615,411339.0,3942.75,2863174.5,3518499.0
2021-03-22,2021,12,Need State 1,462552.0,16911,474183.0,4527.0,3563919.0,3594399.75
2021-03-29,2021,13,Need State 1,1345166.25,18526,600133.5,5049.75,4798523.25,5535069.0
2021-04-05,2021,14,Need State 1,1344056.25,14089,563619.75,5021.25,4489884.75,5355290.25
2021-04-12,2021,15,Need State 1,780374.25,15228,744040.5,7921.5,4716588.75,5397090.0
2021-04-19,2021,16,Need State 1,416756.25,4908,591930.75,8265.0,4819831.5,5164899.0
2021-04-26,2021,17,Need State 1,783196.5,4569,812364.0,9694.5,4738584.0,5607678.0
2021-05-03,2021,18,Need State 1,964353.75,18710,669479.25,9465.75,4768413.75,5416505.25
2021-05-10,2021,19,Need State 1,644009.25,14480,764657.25,9294.0,4185400.5,5377881.0
2021-05-17,2021,20,Need State 1,210880.5,2993,1016664.75,11571.0,3583250.25,5136009.0
2021-05-24,2021,21,Need State 1,572421.0,828,949762.5,10518.0,4222021.5,5352915.75
2021-05-31,2021,22,Need State 1,1371993.75,946,875752.5,9945.0,3720159.75,5118456.75
2021-06-07,2021,23,Need State 1,188688.75,17402,885507.75,8270.25,3057247.5,4931239.5
2021-06-14,2021,24,Need State 1,265803.0,3641,722193.75,7458.75,2618924.25,4965363.0
2021-06-21,2021,25,Need State 1,582181.5,18118,818238.75,5764.5,2493813.75,5521113.0
2021-06-28,2021,26,Need State 1,374456.25,17749,693630.75,5799.0,2210718.75,5171770.5
2021-07-05,2021,27,Need State 1,744354.75,14498,605286.75,4686.75,2800599.0,4893369.0
2021-07-12,2021,28,Need State 1,153197.25,17004,593844.0,5145.75,2485851.75,4834065.75
2021-07-19,2021,29,Need State 1,403191.0,12332,559867.5,4277.25,1875072.75,4766124.0
2021-07-26,2021,30,Need State 1,566452.5,1177,595377.75,3400.5,2189743.5,4648371.75
2021-08-02,2021,31,Need State 1,487445.25,8009,547923.0,4156.5,2304342.0,4475928.0
2021-08-09,2021,32,Need State 1,1052920.5,1338,551245.5,3395.25,2227295.25,4442744.25
2021-08-16,2021,33,Need State 1,658275.75,2992,695661.75,3780.75,2402760.0,4599898.5
2021-08-23,2021,34,Need State 1,520768.5,1455,687503.25,3655.5,2229888.75,4435625.25
2021-08-30,2021,35,Need State 1,324585.0,14141,740111.25,4038.75,2009406.0,4368488.25
2021-09-06,2021,36,Need State 1,320163.0,13292,656641.5,3996.0,1811052.75,4328462.25
2021-09-13,2021,37,Need State 1,398962.5,16466,478269.75,2899.5,1978428.75,4202687.25
2021-09-20,2021,38,Need State 1,632085.75,8460,487155.75,4110.75,1837530.0,4189131.0
2021-09-27,2021,39,Need State 1,1025997.75,18974,428911.5,2969.25,2153181.75,4201519.5
2021-10-04,2021,40,Need State 1,80189.25,19007,448910.25,3213.0,2187683.25,4133904.75
2021-10-11,2021,41,Need State 1,650490.0,17150,378968.25,2867.25,2287858.5,4154016.75
2021-10-18,2021,42,Need State 1,319992.0,3371,384597.75,3072.0,2258578.5,4131496.5
2021-10-25,2021,43,Need State 1,192120.75,13524,381980.25,2651.25,2078940.0,4084359.0
2021-11-01,2021,44,Need State 1,223115.25,15114,330258.0,2442.75,1967236.5,4090227.75
2021-11-08,2021,45,Need State 1,247068.0,14545,335463.75,2108.25,1766007.75,4037955.0
2021-11-15,2021,46,Need State 1,163740.0,5323,299685.0,2079.75,1772478.75,3977697.0
2021-11-22,2021,47,Need State 1,523181.25,13036,288753.75,2442.75,1709643.0,3933765.0
2021-11-29,2021,48,Need State 1,384503.25,12585,328204.5,3016.5,1648735.5,3926124.0
2021-12-06,2021,49,Need State 1,343218.0,19408,323834.25,2412.0,1799262.75,3923584.5
2021-12-13,2021,50,Need State 1,314396.25,11819,309387.0,2110.5,1764952.5,3890427.0
2021-12-20,2021,51,Need State 1,804323.25,6800,373874.25,2878.5,1805510.25,3849951.0
2021-12-27,2021,52,Need State 1,118671.75,7192,352412.25,2358.75,1952004.0,3872801.25
2022-01-03,2022,1,Need State 1,225132.0,18049,348637.5,3441.75,1849125.0,3833880.75
2022-01-10,2022,2,Need State 1,720135.0,8583,343799.25,3657.0,1886235.0,3846775.5
2022-01-17,2022,3,Need State 1,227398.5,11338,346592.25,3806.25,1966980.0,3852201.0
2022-01-24,2022,4,Need State 1,295862.25,6009,344795.25,3765.75,1784772.0,3850652.25
2022-01-31,2022,5,Need State 1,473947.5,13106,338146.5,3984.0,1809055.5,4080468.75
2022-02-07,2022,6,Need State 1,615947.25,8368,307596.75,2999.25,1737505.5,4045948.5
2022-02-14,2022,7,Need State 1,405015.0,4021,302883.0,3231.75,1792991.25,3863763.0
2022-02-21,2022,8,Need State 1,273339.0,18796,343384.5,2896.5,1737123.0,4018358.25
2022-02-28,2022,9,Need State 1,1633242.0,3272,341754.0,2938.5,2300770.5,4198659.75
2022-03-07,2022,10,Need State 1,1767609.0,15398,396704.25,3370.5,3368703.75,4237740.75
2022-03-14,2022,11,Need State 1,401660.25,1830,385340.25,3465.0,3815302.5,4206561.0
2022-03-21,2022,12,Need State 1,923920.5,12295,439730.25,4341.0,3192620.25,4200300.75
2022-03-28,2022,13,Need State 1,1434591.75,2568,560076.0,5413.5,4098109.5,4931589.0
2022-04-04,2022,14,Need State 1,1005565.5,10826,524874.0,4136.25,4751574.0,4873329.0
2022-04-11,2022,15,Need State 1,197555.25,4940,577040.25,5704.5,4823778.0,4787475.0
2022-04-18,2022,16,Need State 1,745246.5,18962,482043.0,4307.25,4390458.75,4729499.25
2022-04-25,2022,17,Need State 1,746291.25,19003,642017.25,6462.75,4328567.25,5323525.5
2022-05-02,2022,18,Need State 1,1124841.0,7223,617886.0,5088.0,4510617.0,5426955.0
2022-05-09,2022,19,Need State 1,825480.0,2256,818531.25,5722.5,4581154.5,5338629.75
2022-05-16,2022,20,Need State 1,786371.25,18024,824489.25,5211.0,4528831.5,5089863.0
2022-05-23,2022,21,Need State 1,1481271.75,19173,801347.25,6423.0,5149377.75,5474871.0
2022-05-30,2022,22,Need State 1,578701.5,9073,877654.5,6408.0,5295673.5,5877516.0
2022-06-06,2022,23,Need State 1,464439.0,7434,984391.5,6981.75,5126610.0,5681484.75
2022-06-13,2022,24,Need State 1,240153.75,3066,811932.75,6810.0,4815375.0,5462408.25
2022-06-20,2022,25,Need State 1,793471.5,2577,996766.5,8342.25,4492306.5,5585256.75
2022-06-27,2022,26,Need State 1,423244.5,11130,871884.0,6725.25,4138507.5,5625784.5
2022-07-04,2022,27,Need State 1,681434.25,4798,695706.0,4088.25,3853857.75,5456624.25
2022-07-11,2022,28,Need State 1,765796.5,12298,756621.0,6627.75,3655986.75,5566181.25
2022-07-18,2022,29,Need State 1,752730.75,19559,709096.5,5946.0,3735090.0,5450706.75
2022-07-25,2022,30,Need State 1,1059818.25,17633,681260.25,4268.25,3462938.25,5393953.5
2022-08-01,2022,31,Need State 1,398173.5,15301,612480.75,5478.0,3571481.25,5295227.25
2022-08-08,2022,32,Need State 1,470028.75,5708,563415.75,3631.5,3684161.25,5235033.75
2022-08-15,2022,33,Need State 1,323103.75,18150,703843.5,5435.25,3442376.25,5638314.75
2022-08-22,2022,34,Need State 1,296668.5,3409,666964.5,4350.0,3329763.75,5569774.5
2022-08-29,2022,35,Need State 1,252782.25,6585,751821.75,4778.25,3080222.25,5395396.5
2022-09-05,2022,36,Need State 1,507331.5,11717,657760.5,4641.0,2894664.75,5127173.25
2022-09-12,2022,37,Need State 1,430035.75,16301,533272.5,3075.0,2909547.75,4976157.0
2022-09-19,2022,38,Need State 1,226007.25,6738,495897.75,3638.25,2665997.25,4896705.0
2022-09-26,2022,39,Need State 1,903702.75,4873,437820.75,3049.5,3125546.25,4772262.0
2022-10-03,2022,40,Need State 1,404039.25,11952,455137.5,3129.75,3316052.25,4738911.0
2022-10-10,2022,41,Need State 1,467307.75,2335,402846.0,3091.5,3108552.75,4722896.25
2022-10-17,2022,42,Need State 1,355674.75,11713,387969.0,2377.5,2974602.0,4689405.0
2022-10-24,2022,43,Need State 1,464072.25,13447,383616.75,2754.0,3094548.75,4710318.0
2022-10-31,2022,44,Need State 1,584742.0,10264,343582.5,2427.75,3277149.0,4683029.25
2022-11-07,2022,45,Need State 1,341031.0,1071,386592.0,2514.75,3253697.25,4728150.0
2022-11-14,2022,46,Need State 1,290879.25,16525,403802.25,2583.0,3040413.0,4689693.75
2022-11-21,2022,47,Need State 1,404397.75,15881,350793.0,2163.0,2987834.25,4711697.25
2022-11-28,2022,48,Need State 1,1144957.5,17742,331698.0,3263.25,3661065.75,4780105.5
2022-12-05,2022,49,Need State 1,316549.5,8183,324807.75,4025.25,3625352.25,4795374.0
2022-12-12,2022,50,Need State 1,228326.25,6013,316959.0,2246.25,3471038.25,4865055.0
2022-12-19,2022,51,Need State 1,221402.25,18315,361508.25,1896.0,3183523.5,5007082.5
2022-12-26,2022,52,Need State 1,145563.75,12841,405971.25,2421.0,3028526.25,4985010.75
2023-01-02,2023,1,Need State 1,230725.5,5753,372921.75,2901.75,2685176.25,4910420.25
2023-01-09,2023,2,Need State 1,402216.75,2909,357329.25,2919.75,2561793.0,5006653.5
2023-01-16,2023,3,Need State 1,227010.0,15668,352571.25,2760.75,2429256.0,5026343.25
2023-01-23,2023,4,Need State 1,660403.5,3775,331310.25,2525.25,2412513.0,4955513.25
2023-01-30,2023,5,Need State 1,216312.75,14321,383741.25,3274.5,2492638.5,4900383.75
2023-02-06,2023,6,Need State 1,470031.75,3752,307953.75,2631.0,2230342.5,5088563.25
2023-02-13,2023,7,Need State 1,970320.75,3968,318695.25,2621.25,2440125.75,5251161.75
2023-02-20,2023,8,Need State 1,675896.25,2071,324699.75,2297.25,2501891.25,5243783.25
2023-02-27,2023,9,Need State 1,490109.25,9207,316498.5,2717.25,3217599.75,5384493.75
2023-03-06,2023,10,Need State 1,491008.5,8276,338994.75,3062.25,3518763.75,5390856.75
2023-03-13,2023,11,Need State 1,308736.0,4348,331202.25,2283.75,3397206.0,5571762.0
2023-03-20,2023,12,Need State 1,1049037.75,15176,392841.0,3463.5,2698265.25,5648067.0
2023-03-27,2023,13,Need State 1,645898.5,8510,415261.5,2735.25,3158437.5,6180496.5
2023-04-03,2023,14,Need State 1,1002380.25,15391,446516.25,3575.25,3855705.0,6094402.5
2023-04-10,2023,15,Need State 1,1767828.75,16705,509654.25,2765.25,5030837.25,6053844.75
2023-04-17,2023,16,Need State 1,176432.25,13521,604993.5,4332.0,4238141.25,6152012.25
2023-04-24,2023,17,Need State 1,269017.5,15707,677659.5,4167.75,3847645.5,6788016.75
2023-05-01,2023,18,Need State 1,206453.25,15438,607311.0,4409.25,3618423.0,6619290.0
2023-05-08,2023,19,Need State 1,390882.75,13488,756333.0,5298.75,3430333.5,6432805.5
2023-05-15,2023,20,Need State 1,1487977.5,15138,917866.5,6633.75,3674338.5,6110029.5
2023-05-22,2023,21,Need State 1,698655.75,17033,766143.75,5106.0,3849968.25,5903399.25
2023-05-29,2023,22,Need State 1,746046.75,1639,795881.25,6156.0,3583233.75,5852058.75
2023-06-05,2023,23,Need State 1,999733.5,6824,807651.0,6244.5,3596845.5,5992884.75
2023-06-12,2023,24,Need State 1,531712.5,4180,641279.25,7345.5,2982873.0,5929123.5
2023-06-19,2023,25,Need State 1,377751.0,1768,742467.0,4947.75,2719136.25,6273795.75
2023-06-26,2023,26,Need State 1,250761.0,4944,651739.5,5104.5,2796876.75,6259001.25
2023-07-03,2023,27,Need State 1,1204352.25,19109,612801.0,5976.75,3023767.5,6118750.5
2023-07-10,2023,28,Need State 1,367971.0,5981,583380.0,3849.75,3168278.25,6047895.0
2023-07-17,2023,29,Need State 1,868491.75,1010,517752.0,3991.5,2650710.0,5961830.25
2023-07-24,2023,30,Need State 1,770667.0,12629,538866.75,3461.25,3139342.5,6084506.25
2023-07-31,2023,31,Need State 1,557550.75,3259,507602.25,3765.75,3175792.5,5911157.25
2023-08-07,2023,32,Need State 1,483608.25,16012,465302.25,2844.0,2821797.75,5842101.0
2023-08-14,2023,33,Need State 1,433434.0,7969,541957.5,3442.5,2643208.5,6276078.0
2023-08-21,2023,34,Need State 1,724118.25,12031,606539.25,4605.0,2648890.5,6414123.0
2023-08-28,2023,35,Need State 1,330154.5,18593,634995.0,3937.5,2479165.5,6547731.0
2023-09-04,2023,36,Need State 1,348156.75,8849,636396.0,3063.75,2300062.5,6333866.25
2023-09-11,2023,37,Need State 1,310632.0,13774,467595.0,2633.25,2185227.0,6104029.5
2023-09-18,2023,38,Need State 1,456982.5,5617,449606.25,2598.0,2169018.0,6068694.0
2023-09-25,2023,39,Need State 1,436667.25,8446,405447.75,2917.5,2101831.5,5972203.5
2023-10-02,2023,40,Need State 1,356974.5,19765,456428.25,3638.25,2196104.25,5952818.25
2023-10-09,2023,41,Need State 1,550887.0,2918,338671.5,2469.0,2191140.0,5903348.25
2021-01-04,2021,1,Need State 2,251858.25,14264,410931.0,11283.0,2405549.25,2784957.75
2021-01-11,2021,2,Need State 2,510633.75,12329,447469.5,12698.25,2256024.75,2885244.0
2021-01-18,2021,3,Need State 2,525278.25,6351,471435.0,18210.0,2183392.5,2834505.0
2021-01-25,2021,4,Need State 2,480166.5,14715,427167.0,12725.25,2095967.25,2806603.5
2021-02-01,2021,5,Need State 2,304409.25,16092,529465.5,19290.75,2057765.25,2907480.75
2021-02-08,2021,6,Need State 2,460572.0,14668,417973.5,12869.25,1956306.0,2807937.75
2021-02-15,2021,7,Need State 2,283466.25,13585,470085.0,14770.5,1975357.5,2782643.25
2021-02-22,2021,8,Need State 2,419211.0,3618,469544.25,13758.0,1883883.0,2722957.5
2021-03-01,2021,9,Need State 2,321424.5,8769,441350.25,14404.5,1716895.5,2775000.0
2021-03-08,2021,10,Need State 2,285894.0,3207,413960.25,10047.75,1609705.5,2792142.75
2021-03-15,2021,11,Need State 2,389976.0,14429,472459.5,12971.25,1558604.25,2819067.0
2021-03-22,2021,12,Need State 2,357771.0,14734,390435.0,10590.75,1541204.25,2773255.5
2021-03-29,2021,13,Need State 2,275889.75,12858,395699.25,10084.5,1620745.5,2756580.75
2021-04-05,2021,14,Need State 2,354687.0,2154,356919.0,9434.25,1702234.5,2634107.25
2021-04-12,2021,15,Need State 2,328035.75,6502,445212.75,14040.75,1548697.5,2652678.75
2021-04-19,2021,16,Need State 2,259767.75,18712,422745.0,15936.0,1391682.0,2637725.25
2021-04-26,2021,17,Need State 2,290293.5,17405,454966.5,15492.0,1275079.5,2596359.0
2021-05-03,2021,18,Need State 2,319240.5,18213,400087.5,12170.25,1146483.75,2548607.25
2021-05-10,2021,19,Need State 2,261920.25,6551,432171.0,14530.5,1050811.5,2477178.75
2021-05-17,2021,20,Need State 2,271785.0,15869,393274.5,11547.0,868528.5,2407791.0
2021-05-24,2021,21,Need State 2,516226.5,18754,408126.0,12012.0,967109.25,2363865.0
2021-05-31,2021,22,Need State 2,402544.5,4772,381229.5,9823.5,947630.25,2310818.25
2021-06-07,2021,23,Need State 2,389661.75,10817,434532.0,10550.25,1008118.5,2371276.5
2021-06-14,2021,24,Need State 2,522888.0,15620,390393.0,10377.0,1035546.0,2400779.25
2021-06-21,2021,25,Need State 2,442374.75,4547,369716.25,7430.25,1138927.5,2421497.25
2021-06-28,2021,26,Need State 2,371931.0,10039,334209.0,8093.25,1111259.25,2436282.0
2021-07-05,2021,27,Need State 2,447534.0,5031,343597.5,6697.5,1324496.25,2417480.25
2021-07-12,2021,28,Need State 2,430443.0,8468,314562.75,7224.0,1349715.75,2390312.25
2021-07-19,2021,29,Need State 2,351768.0,7350,382468.5,8355.75,1154028.75,2401224.75
2021-07-26,2021,30,Need State 2,304865.25,9963,307947.0,5889.75,1111641.75,2396415.75
2021-08-02,2021,31,Need State 2,542931.75,8420,416457.75,6570.75,1312462.5,2581758.75
2021-08-09,2021,32,Need State 2,483064.5,19872,314933.25,6599.25,1290095.25,2537719.5
2021-08-16,2021,33,Need State 2,334887.75,6964,384623.25,7659.75,1389190.5,2730018.0
2021-08-23,2021,34,Need State 2,179756.25,2505,313235.25,5667.0,1262043.75,2700122.25
2021-08-30,2021,35,Need State 2,552717.75,13926,383862.75,6619.5,1082334.75,2671679.25
2021-09-06,2021,36,Need State 2,170965.5,18209,318623.25,6052.5,892539.0,2635284.0
2021-09-13,2021,37,Need State 2,419973.75,16815,369570.75,8075.25,743238.0,2678554.5
2021-09-20,2021,38,Need State 2,565623.0,5066,285762.0,6512.25,680382.75,2622080.25
2021-09-27,2021,39,Need State 2,282459.0,17269,400496.25,6955.5,638931.75,2670129.0
2021-10-04,2021,40,Need State 2,267213.75,8489,300524.25,5948.25,664379.25,2562806.25
2021-10-11,2021,41,Need State 2,468106.5,16672,331294.5,6466.5,746744.25,3374835.75
2021-10-18,2021,42,Need State 2,286435.5,12284,334574.25,7743.75,898696.5,3382311.75
2021-10-25,2021,43,Need State 2,478903.5,4953,420952.5,9129.75,992579.25,3350259.0
2021-11-01,2021,44,Need State 2,512168.25,11722,343806.0,7565.25,1018754.25,3295037.25
2021-11-08,2021,45,Need State 2,596028.75,8842,414551.25,7682.25,1280847.75,3233085.0
2021-11-15,2021,46,Need State 2,341327.25,18401,364275.0,9483.75,1209935.25,3219830.25
2021-11-22,2021,47,Need State 2,506841.0,1604,527122.5,12681.0,1146784.5,3272108.25
2021-11-29,2021,48,Need State 2,367848.75,14286,464865.0,14578.5,1224609.75,3343976.25
2021-12-06,2021,49,Need State 2,330722.25,19020,405858.0,8278.5,1183906.5,3250760.25
2021-12-13,2021,50,Need State 2,256461.0,17115,598563.0,9657.0,1216697.25,3129087.0
2021-12-20,2021,51,Need State 2,395858.25,1031,600968.25,8244.75,951240.0,2870991.75
2021-12-27,2021,52,Need State 2,95872.5,2114,407785.5,7518.0,843687.0,2758899.0
2022-01-03,2022,1,Need State 2,239328.75,11157,299068.5,8566.5,727968.0,2741374.5
2022-01-10,2022,2,Need State 2,299952.0,4323,330452.25,11636.25,688170.0,2700783.0
2022-01-17,2022,3,Need State 2,367634.25,18475,331642.5,9718.5,727232.25,2690676.75
2022-01-24,2022,4,Need State 2,250038.0,9048,324370.5,9857.25,741632.25,2648196.75
2022-01-31,2022,5,Need State 2,253847.25,3315,359309.25,12634.5,648354.0,2575325.25
2022-02-07,2022,6,Need State 2,243423.75,7121,305830.5,8575.5,627284.25,2542923.75
2022-02-14,2022,7,Need State 2,328047.0,1555,306318.75,7626.0,766714.5,2430100.5
2022-02-21,2022,8,Need State 2,188490.75,3035,282371.25,6586.5,657087.75,2478526.5
2022-02-28,2022,9,Need State 2,361269.75,8002,329583.75,7532.25,687194.25,2451921.0
2022-03-07,2022,10,Need State 2,414115.5,12148,285531.75,6529.5,688646.25,2446062.75
2022-03-14,2022,11,Need State 2,324297.0,3184,301209.75,6819.0,696391.5,2479667.25
2022-03-21,2022,12,Need State 2,453584.25,12126,290700.0,7100.25,786270.0,2456478.0
2022-03-28,2022,13,Need State 2,378236.25,7136,388444.5,7289.25,750130.5,2450426.25
2022-04-04,2022,14,Need State 2,260363.25,18642,440656.5,6840.0,778464.75,2405337.75
2022-04-11,2022,15,Need State 2,323847.75,15803,372479.25,8550.75,654268.5,2342972.25
2022-04-18,2022,16,Need State 2,354027.75,2271,379185.0,7314.75,601455.0,2368101.0
2022-04-25,2022,17,Need State 2,422487.0,5349,388831.5,10150.5,634131.75,2377780.5
2022-05-02,2022,18,Need State 2,383335.5,12017,378947.25,6726.0,728430.0,2425101.0
2022-05-09,2022,19,Need State 2,557058.0,1356,374893.5,7780.5,715961.25,2397145.5
2022-05-16,2022,20,Need State 2,364514.25,13937,417912.75,7908.0,810265.5,2379420.0
2022-05-23,2022,21,Need State 2,475058.25,3457,338514.75,7419.0,662451.0,2445935.25
2022-05-30,2022,22,Need State 2,253146.0,8353,405162.0,7626.75,680552.25,2698783.5
2022-06-06,2022,23,Need State 2,544197.0,16855,376378.5,7138.5,881702.25,2654892.0
2022-06-13,2022,24,Need State 2,559325.25,3299,406348.5,8532.75,1078920.75,2592749.25
2022-06-20,2022,25,Need State 2,355576.5,3644,349650.0,6761.25,1071737.25,2578538.25
2022-06-27,2022,26,Need State 2,256360.5,17096,357029.25,5844.0,1088970.75,2603371.5
2022-07-04,2022,27,Need State 2,259917.0,17525,364499.25,5825.25,959133.75,2546368.5
2022-07-11,2022,28,Need State 2,456874.5,14644,366444.75,6452.25,982161.75,2577708.75
2022-07-18,2022,29,Need State 2,433179.75,1492,362702.25,6469.5,966006.0,2526481.5
2022-07-25,2022,30,Need State 2,574308.0,7231,347877.0,5252.25,1106758.5,2582864.25
2022-08-01,2022,31,Need State 2,249181.5,4268,347859.0,6114.75,1064522.25,2580941.25
2022-08-08,2022,32,Need State 2,281360.25,2142,365229.75,6512.25,1090215.0,2619253.5
2022-08-15,2022,33,Need State 2,335745.0,5104,370592.25,6411.0,888393.0,2606313.0
2022-08-22,2022,34,Need State 2,584072.25,13268,434151.75,5250.0,1197764.25,2652465.75
2022-08-29,2022,35,Need State 2,583513.5,9230,348401.25,5809.5,1425183.75,2564119.5
2022-09-05,2022,36,Need State 2,289881.0,5199,343767.75,6198.0,1388260.5,2567957.25
2022-09-12,2022,37,Need State 2,775083.75,12371,333474.0,6070.5,1446336.75,2563157.25
2022-09-19,2022,38,Need State 2,727547.25,14704,374175.0,7338.0,2420382.75,2582879.25
2022-09-26,2022,39,Need State 2,363558.75,2995,323683.5,6208.5,2772738.0,2548498.5
2022-10-03,2022,40,Need State 2,474627.0,11110,386416.5,6656.25,1220753.25,2636403.0
2022-10-10,2022,41,Need State 2,136749.0,12424,327807.0,6437.25,925930.5,3457602.0
2022-10-17,2022,42,Need State 2,534037.5,19170,439293.75,8136.75,956215.5,3719676.75
2022-10-24,2022,43,Need State 2,464114.25,1490,419065.5,8856.0,1251982.5,3615169.5
2022-10-31,2022,44,Need State 2,403141.5,15699,387028.5,6453.75,1120938.75,3600502.5
2022-11-07,2022,45,Need State 2,412296.0,10239,392511.75,7784.25,1148763.75,3477507.0
2022-11-14,2022,46,Need State 2,294026.25,16091,452697.75,9892.5,1074644.25,3561352.5
2022-11-21,2022,47,Need State 2,588874.5,5556,469730.25,10252.5,1167133.5,3458940.0
2022-11-28,2022,48,Need State 2,532884.0,8196,542994.0,16174.5,1260875.25,3466088.25
2022-12-05,2022,49,Need State 2,336580.5,9928,469477.5,17265.0,1102058.25,3331992.75
2022-12-12,2022,50,Need State 2,530332.5,8168,590160.75,11385.0,1209084.0,3287280.75
2022-12-19,2022,51,Need State 2,455372.25,15797,613407.75,8076.0,1025874.0,3043881.75
2022-12-26,2022,52,Need State 2,525502.5,6374,570708.75,14489.25,1076429.25,2886888.0
2023-01-02,2023,1,Need State 2,355815.0,11864,354576.0,7915.5,1146417.0,2801016.75
2023-01-09,2023,2,Need State 2,304145.25,8033,403224.75,7142.25,1058606.25,3000030.0
2023-01-16,2023,3,Need State 2,332245.5,847,375645.75,7864.5,1053596.25,2974675.5
2023-01-23,2023,4,Need State 2,718207.5,2935,370831.5,8031.0,1078356.0,2832075.75
2023-01-30,2023,5,Need State 2,282531.75,1554,438576.75,14619.75,1141356.75,2697529.5
2023-02-06,2023,6,Need State 2,447660.75,3008,412379.25,11294.25,1097309.25,2796938.25
2023-02-13,2023,7,Need State 2,524059.5,14638,342176.25,6878.25,1166010.0,2784809.25
2023-02-20,2023,8,Need State 2,273267.75,6183,416317.5,7881.75,1150257.75,2768440.5
2023-02-27,2023,9,Need State 2,261685.5,8043,399917.25,7542.0,973191.0,3038168.25
2023-03-06,2023,10,Need State 2,592058.25,3854,520320.0,8510.25,1151317.5,3083718.75
2023-03-13,2023,11,Need State 2,129294.0,10779,396754.5,8500.5,1108060.5,2977509.0
2023-03-20,2023,12,Need State 2,621302.25,19843,450873.75,8667.75,1129199.25,2981382.0
2023-03-27,2023,13,Need State 2,514803.0,19304,377766.75,6966.0,1267627.5,2941261.5
2023-04-03,2023,14,Need State 2,257869.5,5337,411349.5,8259.0,1291778.25,2901647.25
2023-04-10,2023,15,Need State 2,517135.5,7096,348357.0,6927.75,1089825.0,3007368.0
2023-04-17,2023,16,Need State 2,394596.0,12679,419491.5,9660.75,1045601.25,3201684.0
2023-04-24,2023,17,Need State 2,289171.5,1855,409578.0,8663.25,933551.25,3304561.5
2023-05-01,2023,18,Need State 2,416315.25,5383,388634.25,8235.0,1016901.0,3289032.75
2023-05-08,2023,19,Need State 2,464193.0,18718,359190.0,7530.75,913278.75,3264470.25
2023-05-15,2023,20,Need State 2,375784.5,1998,454953.75,9257.25,1048827.0,3289570.5
2023-05-22,2023,21,Need State 2,361045.5,9994,328719.75,5958.75,910810.5,3201299.25
2023-05-29,2023,22,Need State 2,437103.0,8282,476118.0,9289.5,1030058.25,3198989.25
2023-06-05,2023,23,Need State 2,400559.25,18878,384534.75,7449.0,945119.25,3145630.5
2023-06-12,2023,24,Need State 2,248578.5,6186,402104.25,7594.5,906209.25,3200705.25
2023-06-19,2023,25,Need State 2,384285.75,18200,329693.25,6601.5,824258.25,3178018.5
2023-06-26,2023,26,Need State 2,396233.25,13853,365973.75,6876.75,885282.75,3141670.5
2023-07-03,2023,27,Need State 2,282381.0,18549,348327.0,5448.75,905992.5,3072729.75
2023-07-10,2023,28,Need State 2,472785.0,934,396051.75,8272.5,891232.5,3050556.0
2023-07-17,2023,29,Need State 2,386856.75,15175,358400.25,6987.75,869301.75,3004700.25
2023-07-24,2023,30,Need State 2,602944.5,3156,349249.5,5758.5,827696.25,3030429.0
2023-07-31,2023,31,Need State 2,392298.75,19389,393296.25,7765.5,1013453.25,3099784.5
2023-08-07,2023,32,Need State 2,282449.25,7081,362776.5,6812.25,823203.0,3127488.75
2023-08-14,2023,33,Need State 2,259446.75,10631,346780.5,5285.25,811423.5,3365649.75
2023-08-21,2023,34,Need State 2,877786.5,2287,432546.0,7611.75,804647.25,3359758.5
2023-08-28,2023,35,Need State 2,535204.5,9717,335984.25,4529.25,1156338.75,3317178.75
2023-09-04,2023,36,Need State 2,529875.75,13671,391353.0,6837.75,1301664.75,3288483.0
2023-09-11,2023,37,Need State 2,622177.5,3165,358837.5,7330.5,1609150.5,3322784.25
2023-09-18,2023,38,Need State 2,570400.5,13279,402045.75,6317.25,2515116.75,3394207.5
2023-09-25,2023,39,Need State 2,373893.75,16559,338208.0,7203.0,2156817.0,3331006.5
2023-10-02,2023,40,Need State 2,296038.5,6808,391362.0,6395.25,995430.75,3338073.75
2023-10-09,2023,41,Need State 2,221686.5,2361,351225.75,6606.75,1084670.25,4117591.5
2021-01-04,2021,1,Need State 3,209473.5,1563,355992.75,11958.75,1618319.25,3838764.0
2021-01-11,2021,2,Need State 3,683112.0,8658,432966.0,11279.25,1780801.5,3921396.0
2021-01-18,2021,3,Need State 3,627825.75,4032,325530.0,9659.25,1665248.25,3816876.75
2021-01-25,2021,4,Need State 3,318566.25,13935,409405.5,11369.25,1928427.0,3752643.75
2021-02-01,2021,5,Need State 3,439665.0,13601,313095.75,8376.0,2176682.25,3815256.0
2021-02-08,2021,6,Need State 3,445863.75,4685,402543.75,9748.5,1809162.75,3892614.0
2021-02-15,2021,7,Need State 3,334146.75,7471,288683.25,7694.25,1624469.25,3899664.75
2021-02-22,2021,8,Need State 3,332299.5,10188,522767.25,12636.0,1660566.75,3981648.75
2021-03-01,2021,9,Need State 3,345800.25,12082,327960.0,8955.0,1558020.0,4303237.5
2021-03-08,2021,10,Need State 3,399765.0,18363,429768.0,8427.75,1596435.75,4378400.25
2021-03-15,2021,11,Need State 3,251854.5,14061,333696.0,9404.25,1510045.5,4256257.5
2021-03-22,2021,12,Need State 3,462864.75,1112,425903.25,9249.0,1526031.0,4255254.75
2021-03-29,2021,13,Need State 3,264009.75,8896,313379.25,7868.25,1521311.25,4215314.25
2021-04-05,2021,14,Need State 3,588178.5,8948,467704.5,10521.0,1799645.25,4080860.25
2021-04-12,2021,15,Need State 3,463776.75,754,350557.5,12336.75,1619382.75,4038381.0
2021-04-19,2021,16,Need State 3,327388.5,12105,410649.0,11125.5,1660808.25,4025804.25
2021-04-26,2021,17,Need State 3,212003.25,14193,338541.0,11022.75,1560168.75,4114212.75
2021-05-03,2021,18,Need State 3,289918.5,3326,502823.25,12348.75,1455246.0,3989791.5
2021-05-10,2021,19,Need State 3,229689.0,3272,314199.0,9120.0,1371755.25,3961887.75
2021-05-17,2021,20,Need State 3,175822.5,15571,440163.0,13093.5,1223383.5,3960268.5
2021-05-24,2021,21,Need State 3,468210.75,18291,329523.0,10692.0,1291726.5,3856012.5
2021-05-31,2021,22,Need State 3,401921.25,7719,462633.0,10530.0,1263054.75,3811452.0
2021-06-07,2021,23,Need State 3,328473.75,16464,317057.25,8646.75,1341347.25,3720621.0
2021-06-14,2021,24,Need State 3,582267.75,6705,486275.25,9419.25,1431467.25,3743088.0
2021-06-21,2021,25,Need State 3,697846.5,7282,301119.0,6986.25,1583995.5,3708614.25
2021-06-28,2021,26,Need State 3,733339.5,12591,487630.5,8842.5,1459056.0,3845141.25
2021-07-05,2021,27,Need State 3,622235.25,18929,337101.0,7251.75,1745280.75,3677203.5
2021-07-12,2021,28,Need State 3,473646.0,14973,444928.5,7355.25,1986576.75,3783186.0
2021-07-19,2021,29,Need State 3,531840.0,10813,313857.75,5880.0,1820496.0,4290505.5
2021-07-26,2021,30,Need State 3,177859.5,11544,500107.5,7737.75,1806902.25,4330515.0
2021-08-02,2021,31,Need State 3,353543.25,18165,313391.25,5929.5,1583692.5,4288314.0
2021-08-09,2021,32,Need State 3,272973.75,1717,389408.25,5922.75,1461759.0,4235473.5
2021-08-16,2021,33,Need State 3,341965.5,650,340911.75,7146.75,1584912.75,4344857.25
2021-08-23,2021,34,Need State 3,220227.0,11890,461373.0,6741.0,1441704.0,4282995.0
2021-08-30,2021,35,Need State 3,177987.0,5822,319853.25,6010.5,1199376.0,4216323.0
2021-09-06,2021,36,Need State 3,219709.5,14373,472932.0,8017.5,1071735.75,4210149.75
2021-09-13,2021,37,Need State 3,266729.25,12460,293533.5,5499.0,950578.5,4199922.0
2021-09-20,2021,38,Need State 3,481889.25,19828,402376.5,7940.25,956617.5,4246850.25
2021-09-27,2021,39,Need State 3,560955.0,13044,306233.25,6592.5,1034995.5,4186123.5
2021-10-04,2021,40,Need State 3,243669.0,8627,386547.0,6909.0,1095846.0,4117729.5
2021-10-11,2021,41,Need State 3,323962.5,7379,326609.25,6232.5,930310.5,4280195.25
2021-10-18,2021,42,Need State 3,129718.5,2361,383744.25,6338.25,1122779.25,4359278.25
2021-10-25,2021,43,Need State 3,237707.25,4702,255436.5,4853.25,1037039.25,4266784.5
2021-11-01,2021,44,Need State 3,229542.75,5628,358208.25,6712.5,959034.0,4243719.75
2021-11-08,2021,45,Need State 3,377853.0,19144,266328.75,5549.25,1075995.75,4159340.25
2021-11-15,2021,46,Need State 3,352458.0,16445,333616.5,6735.75,1094258.25,4106807.25
2021-11-22,2021,47,Need State 3,477817.5,19954,287940.0,7647.0,1245589.5,4068462.75
2021-11-29,2021,48,Need State 3,159486.0,16052,407856.0,13239.0,1250385.75,4030890.75
2021-12-06,2021,49,Need State 3,375309.0,19431,246740.25,5052.75,1140785.25,3980202.0
2021-12-13,2021,50,Need State 3,398690.25,19793,364957.5,5668.5,1277717.25,3952218.0
2021-12-20,2021,51,Need State 3,326622.0,1473,383296.5,6709.5,1309312.5,3794686.5
2021-12-27,2021,52,Need State 3,152532.75,12488,249810.75,6012.0,1110202.5,3896245.5
2022-01-03,2022,1,Need State 3,146636.25,13539,298375.5,8359.5,1043247.0,3964887.75
2022-01-10,2022,2,Need State 3,398277.0,16226,324578.25,7750.5,1016256.0,3898632.0
2022-01-17,2022,3,Need State 3,406825.5,17129,275375.25,6705.0,1205241.75,3800191.5
2022-01-24,2022,4,Need State 3,297513.0,4005,348705.0,8472.0,1246990.5,3807639.0
2022-01-31,2022,5,Need State 3,424525.5,19206,315834.0,8309.25,1203952.5,3723685.5
2022-02-07,2022,6,Need State 3,524013.75,5812,337423.5,5844.75,1496976.0,3713264.25
2022-02-14,2022,7,Need State 3,393878.25,7852,285927.75,5243.25,1586227.5,3590558.25
2022-02-21,2022,8,Need State 3,168665.25,8333,392266.5,7948.5,1194807.0,3721557.75
2022-02-28,2022,9,Need State 3,269997.75,14691,322031.25,4886.25,1201031.25,3860166.0
2022-03-07,2022,10,Need State 3,213970.5,15082,343164.0,5438.25,1179682.5,3869143.5
2022-03-14,2022,11,Need State 3,317165.25,9363,299349.0,4990.5,1152363.75,3787143.75
2022-03-21,2022,12,Need State 3,465645.75,14989,341650.5,7619.25,1170600.75,3728396.25
2022-03-28,2022,13,Need State 3,479124.0,10890,275298.0,4386.0,1157227.5,3695260.5
2022-04-04,2022,14,Need State 3,256968.0,2995,371924.25,6857.25,1319388.75,3686928.75
2022-04-11,2022,15,Need State 3,228345.0,2866,298653.0,5988.0,1152492.75,3681702.0
2022-04-18,2022,16,Need State 3,289380.75,3800,317124.75,4491.75,1056108.75,3648184.5
2022-04-25,2022,17,Need State 3,589102.5,2985,317007.75,7133.25,1283388.75,3688877.25
2022-05-02,2022,18,Need State 3,461808.0,14287,360345.75,4959.75,1487045.25,3714513.75
2022-05-09,2022,19,Need State 3,448005.0,18094,285820.5,5751.75,1523069.25,3703206.75
2022-05-16,2022,20,Need State 3,218375.25,7449,335220.0,5200.5,1501898.25,3692773.5
2022-05-23,2022,21,Need State 3,405483.0,19300,323421.0,6698.25,1463990.25,3776847.75
2022-05-30,2022,22,Need State 3,279737.25,11526,365874.75,5193.75,1512074.25,4115906.25
2022-06-06,2022,23,Need State 3,425300.25,2288,324720.75,6801.75,1590522.0,4038271.5
2022-06-13,2022,24,Need State 3,427752.75,16099,405487.5,5866.5,1609374.75,4084571.25
2022-06-20,2022,25,Need State 3,941070.0,6012,356679.75,7352.25,1744253.25,4001175.0
2022-06-27,2022,26,Need State 3,269085.75,9777,421110.0,5948.25,2147322.75,4006296.0
2022-07-04,2022,27,Need State 3,302958.75,15788,376256.25,7233.0,2145246.0,3909288.75
2022-07-11,2022,28,Need State 3,331095.0,5721,414412.5,6956.25,1671880.5,3921411.75
2022-07-18,2022,29,Need State 3,562457.25,4693,353679.75,6462.0,1716082.5,4397018.25
2022-07-25,2022,30,Need State 3,895302.0,3063,436925.25,5979.0,1996495.5,4317003.0
2022-08-01,2022,31,Need State 3,541816.5,12152,359648.25,5761.5,2126226.75,4178266.5
2022-08-08,2022,32,Need State 3,387649.5,5679,391567.5,5908.5,2347671.75,4289967.0
2022-08-15,2022,33,Need State 3,340545.0,8701,367183.5,7677.75,2131104.0,4464694.5
2022-08-22,2022,34,Need State 3,284383.5,10065,415620.75,5808.0,2275254.75,4525967.25
2022-08-29,2022,35,Need State 3,189370.5,9757,335940.0,5187.0,2147524.5,4389068.25
2022-09-05,2022,36,Need State 3,194817.0,11544,427062.75,6813.75,1989160.5,4343280.0
2022-09-12,2022,37,Need State 3,459683.25,8217,324510.0,5092.5,1861782.75,4360881.75
2022-09-19,2022,38,Need State 3,510553.5,12059,315984.75,5372.25,1953405.0,4358287.5
2022-09-26,2022,39,Need State 3,348709.5,2290,307959.0,6168.75,1952876.25,4318834.5
2022-10-03,2022,40,Need State 3,311898.75,6528,397505.25,7268.25,1999046.25,4283952.0
2022-10-10,2022,41,Need State 3,84457.5,4209,302183.25,5062.5,1799096.25,4460423.25
2022-10-17,2022,42,Need State 3,243857.25,6940,375518.25,6167.25,1686023.25,4539787.5
2022-10-24,2022,43,Need State 3,268193.25,10284,288664.5,6195.0,1651171.5,4468786.5
2022-10-31,2022,44,Need State 3,359943.75,13658,346174.5,5993.25,1602914.25,4440338.25
2022-11-07,2022,45,Need State 3,291117.0,18586,287500.5,4446.75,1696687.5,4387307.25
2022-11-14,2022,46,Need State 3,290472.0,16996,333471.75,7068.75,1698433.5,4358831.25
2022-11-21,2022,47,Need State 3,387636.75,18732,301569.75,5205.0,1679232.75,4304484.75
2022-11-28,2022,48,Need State 3,322858.5,15679,405353.25,12023.25,1726206.0,4247920.5
2022-12-05,2022,49,Need State 3,404150.25,18599,313395.0,11451.0,1645620.0,4218468.75
2022-12-12,2022,50,Need State 3,397554.75,6722,405828.75,7677.75,1750675.5,4267512.75
2022-12-19,2022,51,Need State 3,354156.75,1525,382609.5,4029.0,1733886.0,4136390.25
2022-12-26,2022,52,Need State 3,371010.75,18636,364111.5,9322.5,1668416.25,4010820.75
2023-01-02,2023,1,Need State 3,323960.25,5476,306138.0,5179.5,1968624.0,4040217.75
2023-01-09,2023,2,Need State 3,309346.5,4680,419254.5,8040.0,2008068.75,3970191.75
2023-01-16,2023,3,Need State 3,340034.25,5202,301220.25,5007.75,1919332.5,3895132.5
2023-01-23,2023,4,Need State 3,435669.0,10209,351375.75,5653.5,1830279.0,3760122.75
2023-01-30,2023,5,Need State 3,320430.75,7196,324630.0,6666.75,1676644.5,3825588.75
2023-02-06,2023,6,Need State 3,511701.0,17276,361350.0,6546.75,1651904.25,4093663.5
2023-02-13,2023,7,Need State 3,313763.25,7966,327872.25,5243.25,1812268.5,4045340.25
2023-02-20,2023,8,Need State 3,193104.75,13685,370796.25,7605.75,1771330.5,3939936.0
2023-02-27,2023,9,Need State 3,145835.25,16806,309635.25,5856.0,1758748.5,4254617.25
2023-03-06,2023,10,Need State 3,138671.25,5227,367994.25,7410.0,1657672.5,4260697.5
2023-03-13,2023,11,Need State 3,163649.25,19917,285425.25,5521.5,1476519.0,4225311.0
2023-03-20,2023,12,Need State 3,218181.75,13690,331062.75,7584.75,1425175.5,4231951.5
2023-03-27,2023,13,Need State 3,385325.25,19307,293667.75,5775.75,1428066.75,4152274.5
2023-04-03,2023,14,Need State 3,194237.25,9178,304743.0,4848.0,1456476.75,4103604.0
2023-04-10,2023,15,Need State 3,359034.0,9614,243654.75,4256.25,1494264.0,4040763.75
2023-04-17,2023,16,Need State 3,336595.5,16725,358572.0,8676.75,1431959.25,3990035.25
2023-04-24,2023,17,Need State 3,483687.0,15710,290220.0,6813.75,1569234.75,4029068.25
2023-05-01,2023,18,Need State 3,472200.0,19529,334182.75,6177.75,1763937.75,4136326.5
2023-05-08,2023,19,Need State 3,327549.75,13302,281482.5,6449.25,1689355.5,4042740.0
2023-05-15,2023,20,Need State 3,217059.75,12886,334521.75,6885.75,1359511.5,4089228.0
2023-05-22,2023,21,Need State 3,276441.0,5937,269499.75,5414.25,1303293.0,4389885.0
2023-05-29,2023,22,Need State 3,278223.75,9421,333930.75,6283.5,1432830.75,4318233.75
2023-06-05,2023,23,Need State 3,216627.75,4078,292230.75,6373.5,1321146.0,4227395.25
2023-06-12,2023,24,Need State 3,244434.0,16016,376217.25,8634.0,1280101.5,4204266.0
2023-06-19,2023,25,Need State 3,635149.5,18991,294372.75,7368.75,1244274.0,4104301.5
2023-06-26,2023,26,Need State 3,495052.5,8154,345997.5,7879.5,1558986.0,4079300.25
2023-07-03,2023,27,Need State 3,298498.5,553,284214.75,4768.5,1835859.75,4000703.25
2023-07-10,2023,28,Need State 3,344888.25,4181,334276.5,7866.0,1212879.0,4021671.75
2023-07-17,2023,29,Need State 3,351816.75,13121,330488.25,6985.5,1250692.5,4552430.25
2023-07-24,2023,30,Need State 3,543558.0,19118,332345.25,7682.25,1354209.0,4498290.0
2023-07-31,2023,31,Need State 3,406000.5,18497,339026.25,6594.75,1551147.75,4378878.0
2023-08-07,2023,32,Need State 3,215514.0,1857,335833.5,6403.5,1093608.0,4335534.0
2023-08-14,2023,33,Need State 3,217524.75,5264,298444.5,5403.75,1091835.75,4851850.5
2023-08-21,2023,34,Need State 3,512045.25,2838,360573.75,8136.0,1087815.75,4776393.0
2023-08-28,2023,35,Need State 3,385449.0,11765,284043.0,4803.75,1306881.0,4692345.75
2023-09-04,2023,36,Need State 3,249826.5,7148,349973.25,6606.0,1189347.75,4604033.25
2023-09-11,2023,37,Need State 3,530941.5,11820,258033.75,4928.25,1328611.5,4671575.25
2023-09-18,2023,38,Need State 3,355029.0,17354,288267.75,4743.0,1380191.25,4693923.75
2023-09-25,2023,39,Need State 3,199078.5,18401,281512.5,6272.25,1110234.75,4701059.25
2023-10-02,2023,40,Need State 3,301844.25,12315,331614.0,6846.0,1053929.25,4648060.5
2023-10-09,2023,41,Need State 3,121078.5,15546,271016.25,5431.5,1180187.25,4954347.0
2021-01-04,2021,1,Need State 4,373678.5,18716,451255.5,14755.5,1271980.5,1893348.0
2021-01-11,2021,2,Need State 4,597628.5,8069,472152.75,16803.0,1625886.75,1880787.75
2021-01-18,2021,3,Need State 4,300238.5,3128,465115.5,16849.5,1413519.0,1885237.5
2021-01-25,2021,4,Need State 4,319001.25,9324,401831.25,14108.25,1116680.25,1901020.5
2021-02-01,2021,5,Need State 4,433508.25,5460,501825.75,20616.0,1160288.25,1926643.5
2021-02-08,2021,6,Need State 4,640492.5,11836,423258.0,13823.25,1132392.0,1824061.5
2021-02-15,2021,7,Need State 4,448128.0,16856,420210.75,13392.75,1035630.0,1908308.25
2021-02-22,2021,8,Need State 4,412890.0,2027,457369.5,14490.0,1157476.5,1891306.5
2021-03-01,2021,9,Need State 4,331031.25,10457,441514.5,13727.25,1084067.25,2020867.5
2021-03-08,2021,10,Need State 4,461514.75,6693,361330.5,11023.5,1027109.25,1942113.75
2021-03-15,2021,11,Need State 4,388106.25,12707,431964.0,12563.25,991081.5,2029211.25
2021-03-22,2021,12,Need State 4,476425.5,11113,362648.25,12119.25,1170124.5,1970055.0
2021-03-29,2021,13,Need State 4,488613.75,19987,473433.75,12805.5,1090771.5,2062767.0
2021-04-05,2021,14,Need State 4,475796.25,12160,434118.0,11544.0,1130388.75,1922370.0
2021-04-12,2021,15,Need State 4,357441.75,3649,470531.25,14825.25,1009769.25,1968021.75
2021-04-19,2021,16,Need State 4,518808.0,17704,602490.0,22781.25,1048158.0,1994679.0
2021-04-26,2021,17,Need State 4,343884.0,9250,451764.75,14601.0,1045552.5,1839399.75
2021-05-03,2021,18,Need State 4,460024.5,7357,399734.25,13516.5,1046663.25,1922343.0
2021-05-10,2021,19,Need State 4,368431.5,19032,428429.25,14590.5,975624.0,1894047.75
2021-05-17,2021,20,Need State 4,186488.25,1948,382415.25,12529.5,955018.5,1817964.75
2021-05-24,2021,21,Need State 4,295438.5,1532,413962.5,12645.0,737964.75,1900607.25
2021-05-31,2021,22,Need State 4,341385.75,715,381732.75,11053.5,668391.0,1806172.5
2021-06-07,2021,23,Need State 4,536329.5,4947,424536.75,12019.5,718674.0,1791743.25
2021-06-14,2021,24,Need State 4,491120.25,17088,403641.0,10047.75,854339.25,1786854.75
2021-06-21,2021,25,Need State 4,366459.75,13623,373848.75,10372.5,797413.5,1887614.25
2021-06-28,2021,26,Need State 4,477507.0,16237,384365.25,9849.0,699206.25,1955033.25
2021-07-05,2021,27,Need State 4,272110.5,15778,383634.0,8484.75,778773.75,1917724.5
2021-07-12,2021,28,Need State 4,349866.0,10276,407671.5,9808.5,855797.25,1879984.5
2021-07-19,2021,29,Need State 4,451622.25,9946,412947.0,8745.75,566878.5,2017026.0
2021-07-26,2021,30,Need State 4,309791.25,3721,379473.75,8175.0,765851.25,1952043.75
2021-08-02,2021,31,Need State 4,629710.5,1185,416781.0,8167.5,711614.25,1922523.75
2021-08-09,2021,32,Need State 4,742052.25,8645,397534.5,8409.75,937434.75,1868707.5
2021-08-16,2021,33,Need State 4,715980.75,9803,373126.5,10485.75,1362579.75,1933717.5
2021-08-23,2021,34,Need State 4,336958.5,3351,438381.0,9972.0,1240429.5,2095533.0
2021-08-30,2021,35,Need State 4,249434.25,13078,492462.0,10860.0,845853.75,2182830.75
2021-09-06,2021,36,Need State 4,329004.0,2968,397526.25,9233.25,785573.25,2148377.25
2021-09-13,2021,37,Need State 4,459801.75,1919,499152.0,10282.5,910599.0,2206621.5
2021-09-20,2021,38,Need State 4,444409.5,9431,420957.0,9164.25,794007.75,2215599.0
2021-09-27,2021,39,Need State 4,545457.75,7162,482850.75,12162.75,720269.25,2319528.75
2021-10-04,2021,40,Need State 4,414002.25,12629,417054.0,10622.25,864545.25,2159055.0
2021-10-11,2021,41,Need State 4,835918.5,17429,403581.75,8721.75,1299327.75,2293140.75
2021-10-18,2021,42,Need State 4,285377.25,4494,433433.25,10592.25,1289298.75,2320704.0
2021-10-25,2021,43,Need State 4,263670.0,1638,470436.0,10680.0,1066103.25,2292237.75
2021-11-01,2021,44,Need State 4,396127.5,5495,393473.25,9960.75,827304.75,2325026.25
2021-11-08,2021,45,Need State 4,362800.5,12420,464336.25,8895.0,909246.0,2283995.25
2021-11-15,2021,46,Need State 4,322544.25,10062,445491.0,10631.25,962713.5,2203873.5
2021-11-22,2021,47,Need State 4,525870.75,9478,415181.25,9816.75,1012397.25,2101588.5
2021-11-29,2021,48,Need State 4,446012.25,12208,398274.75,10827.0,1112517.0,2050989.0
2021-12-06,2021,49,Need State 4,370164.75,14339,428171.25,10139.25,1030555.5,2067675.75
2021-12-13,2021,50,Need State 4,302901.75,9827,438303.0,10624.5,1057341.75,1960471.5
2021-12-20,2021,51,Need State 4,790806.75,16978,506939.25,10371.75,948471.0,1940378.25
2021-12-27,2021,52,Need State 4,225032.25,1887,299879.25,8635.5,1039656.0,1992052.5
2022-01-03,2022,1,Need State 4,231120.75,758,416754.0,11095.5,794529.75,2049757.5
2022-01-10,2022,2,Need State 4,638800.5,17316,473402.25,17230.5,867558.0,1976493.0
2022-01-17,2022,3,Need State 4,573999.0,15519,432791.25,13074.75,1080168.75,1947301.5
2022-01-24,2022,4,Need State 4,300548.25,931,382820.25,11168.25,928840.5,1952948.25
2022-01-31,2022,5,Need State 4,455489.25,15902,498989.25,19377.0,824669.25,2042387.25
2022-02-07,2022,6,Need State 4,436341.0,12481,402324.0,10166.25,1041308.25,2017749.75
2022-02-14,2022,7,Need State 4,448062.75,9229,427413.75,10544.25,948331.5,1977548.25
2022-02-21,2022,8,Need State 4,193704.0,1303,390536.25,9573.75,911358.0,2051508.75
2022-02-28,2022,9,Need State 4,408852.75,12898,409771.5,9941.25,957188.25,1996818.0
2022-03-07,2022,10,Need State 4,477458.25,17196,351147.0,8024.25,991293.0,2058103.5
2022-03-14,2022,11,Need State 4,236302.5,11202,404808.0,8870.25,879493.5,2037232.5
2022-03-21,2022,12,Need State 4,419783.25,11105,359508.0,9240.0,700431.75,1957279.5
2022-03-28,2022,13,Need State 4,377538.75,18139,469857.75,10481.25,822378.75,1985205.0
2022-04-04,2022,14,Need State 4,213425.25,16063,410714.25,8949.0,827025.0,1925391.0
2022-04-11,2022,15,Need State 4,290613.75,10593,444729.75,10015.5,614841.75,1808111.25
2022-04-18,2022,16,Need State 4,286107.75,5221,387538.5,8343.0,624639.75,1719077.25
2022-04-25,2022,17,Need State 4,458959.5,12347,427175.25,12491.25,694266.75,1666168.5
2022-05-02,2022,18,Need State 4,440440.5,2043,352068.0,6842.25,722916.75,1741586.25
2022-05-09,2022,19,Need State 4,570684.0,13485,385224.0,8835.75,795934.5,1740779.25
2022-05-16,2022,20,Need State 4,354081.0,7668,373661.25,7607.25,863393.25,1692465.0
2022-05-23,2022,21,Need State 4,330423.75,17188,382512.75,7792.5,825695.25,1743278.25
2022-05-30,2022,22,Need State 4,280140.0,15154,412912.5,9372.0,756702.75,1858278.0
2022-06-06,2022,23,Need State 4,336489.75,17722,454620.0,9641.25,738271.5,1851035.25
2022-06-13,2022,24,Need State 4,447780.75,4739,455523.75,10461.0,788746.5,1784637.75
2022-06-20,2022,25,Need State 4,539620.5,14012,348743.25,6513.0,850764.75,1745373.75
2022-06-27,2022,26,Need State 4,317520.75,10038,434420.25,8349.0,867011.25,1780715.25
2022-07-04,2022,27,Need State 4,279173.25,10942,419122.5,7595.25,704640.0,1776132.75
2022-07-11,2022,28,Need State 4,456045.0,12651,411924.75,8072.25,737121.75,1810627.5
2022-07-18,2022,29,Need State 4,697983.0,10061,401744.25,7249.5,894835.5,1749581.25
2022-07-25,2022,30,Need State 4,476877.75,15301,373125.75,6978.75,1043202.0,1718715.75
2022-08-01,2022,31,Need State 4,212052.0,9584,438981.75,8566.5,902163.0,1733172.75
2022-08-08,2022,32,Need State 4,294522.0,13284,391185.0,8521.5,752697.0,1755353.25
2022-08-15,2022,33,Need State 4,682317.75,19292,447205.5,9502.5,649293.75,1854658.5
2022-08-22,2022,34,Need State 4,434454.75,6946,450958.5,9363.0,988587.75,1827985.5
2022-08-29,2022,35,Need State 4,314837.25,9504,412478.25,7475.25,849573.0,1811809.5
2022-09-05,2022,36,Need State 4,426658.5,2721,414355.5,8436.0,689942.25,1757538.75
2022-09-12,2022,37,Need State 4,720237.0,2752,425793.0,7473.75,693429.75,1943980.5
2022-09-19,2022,38,Need State 4,469861.5,9992,429482.25,8941.5,918633.0,1987367.25
2022-09-26,2022,39,Need State 4,372435.75,16563,458910.0,8235.75,779666.25,2008033.5
2022-10-03,2022,40,Need State 4,494211.0,3329,471364.5,8616.75,788526.0,1986626.25
2022-10-10,2022,41,Need State 4,333120.75,2903,411277.5,7726.5,756666.75,2111101.5
2022-10-17,2022,42,Need State 4,677653.5,5704,444291.0,9090.0,894708.75,2016443.25
2022-10-24,2022,43,Need State 4,450099.0,6185,433250.25,7854.0,1019059.5,2047702.5
2022-10-31,2022,44,Need State 4,432845.25,16184,454506.75,8457.75,740662.5,2062043.25
2022-11-07,2022,45,Need State 4,504084.75,4963,433278.0,7491.0,888693.75,2121095.25
2022-11-14,2022,46,Need State 4,328572.0,3730,458328.75,9054.75,928443.0,2069559.0
2022-11-21,2022,47,Need State 4,643941.0,5723,406249.5,8586.0,1058195.25,2025606.75
2022-11-28,2022,48,Need State 4,470153.25,3486,430667.25,10875.0,1134112.5,2100576.75
2022-12-05,2022,49,Need State 4,252555.0,7460,441932.25,11812.5,1003352.25,2067252.75
2022-12-12,2022,50,Need State 4,507743.25,18565,475593.75,10074.75,830849.25,2041471.5
2022-12-19,2022,51,Need State 4,481603.5,4349,422003.25,7985.25,827518.5,2099023.5
2022-12-26,2022,52,Need State 4,347997.0,5033,351908.25,6142.5,773016.0,2134194.0
2023-01-02,2023,1,Need State 4,317171.25,12584,424666.5,6963.0,904818.75,2166131.25
2023-01-09,2023,2,Need State 4,275616.0,10693,443360.25,8859.75,740275.5,2126724.75
2023-01-16,2023,3,Need State 4,759098.25,12939,430446.0,8436.0,848645.25,2109055.5
2023-01-23,2023,4,Need State 4,354993.0,12465,345584.25,7923.75,909053.25,1976418.75
2023-01-30,2023,5,Need State 4,405148.5,9551,563610.0,17929.5,842921.25,1948036.5
2023-02-06,2023,6,Need State 4,499875.0,16874,348691.5,9504.75,789990.0,2087362.5
2023-02-13,2023,7,Need State 4,417354.75,15719,428863.5,8709.0,896537.25,2217171.0
2023-02-20,2023,8,Need State 4,266517.75,2409,384984.75,7854.0,948733.5,2139426.0
2023-02-27,2023,9,Need State 4,347949.75,15356,411399.0,9372.75,777046.5,2053258.5
2023-03-06,2023,10,Need State 4,399438.0,16018,430935.75,8770.5,913407.0,2038203.75
2023-03-13,2023,11,Need State 4,335752.5,4175,409077.75,8442.0,838152.0,1970043.0
2023-03-20,2023,12,Need State 4,453015.75,2156,387983.25,9414.75,859779.0,1948406.25
2023-03-27,2023,13,Need State 4,466305.0,1097,414111.75,8088.0,822052.5,1962693.75
2023-04-03,2023,14,Need State 4,285252.75,16289,392545.5,7207.5,854073.0,1923116.25
2023-04-10,2023,15,Need State 4,421256.25,5464,415935.0,6756.0,881612.25,2040567.0
2023-04-17,2023,16,Need State 4,367767.75,2623,414772.5,10069.5,782655.75,1954765.5
2023-04-24,2023,17,Need State 4,368679.75,3173,446573.25,9841.5,765595.5,1935546.75
2023-05-01,2023,18,Need State 4,413159.25,6819,402546.75,7993.5,890931.75,1913772.0
2023-05-08,2023,19,Need State 4,458248.5,7647,397827.0,7897.5,785277.75,1879980.0
2023-05-15,2023,20,Need State 4,291272.25,8351,401926.5,8042.25,730473.75,1909666.5
2023-05-22,2023,21,Need State 4,364135.5,17745,396840.0,7575.75,639576.75,1926390.0
2023-05-29,2023,22,Need State 4,386433.75,6231,387147.0,8646.0,688359.75,1881789.75
2023-06-05,2023,23,Need State 4,553309.5,6520,415022.25,8259.75,702827.25,1871404.5
2023-06-12,2023,24,Need State 4,288504.0,17414,427945.5,7887.75,797844.75,1874183.25
2023-06-19,2023,25,Need State 4,423143.25,10627,356530.5,6587.25,534352.5,1920629.25
2023-06-26,2023,26,Need State 4,365324.25,8637,383082.0,6353.25,717048.75,1901064.75
2023-07-03,2023,27,Need State 4,278976.0,17279,392626.5,7467.0,674379.0,1827056.25
2023-07-10,2023,28,Need State 4,452683.5,13416,402841.5,7537.5,676046.25,1811348.25
2023-07-17,2023,29,Need State 4,458682.0,10627,392454.0,6676.5,689622.0,1833916.5
2023-07-24,2023,30,Need State 4,445416.75,15498,384915.0,7437.0,697680.75,1801557.0
2023-07-31,2023,31,Need State 4,556152.75,17042,457410.0,7371.0,818582.25,1801709.25
2023-08-07,2023,32,Need State 4,289188.75,13673,422901.0,7686.0,686121.75,1771965.75
2023-08-14,2023,33,Need State 4,464343.0,4987,408390.75,7364.25,682984.5,1837731.75
2023-08-21,2023,34,Need State 4,644532.75,5168,445827.0,8100.0,753938.25,1993696.5
2023-08-28,2023,35,Need State 4,552603.0,5804,420930.75,9905.25,834726.75,1942001.25
2023-09-04,2023,36,Need State 4,212412.75,16060,389948.25,7820.25,751458.0,1954796.25
2023-09-11,2023,37,Need State 4,438662.25,7707,435971.25,8358.75,755162.25,1997831.25
2023-09-18,2023,38,Need State 4,432406.5,18168,495011.25,9430.5,817476.75,2023952.25
2023-09-25,2023,39,Need State 4,460226.25,1454,417241.5,7305.0,750872.25,1918959.75
2023-10-02,2023,40,Need State 4,359041.5,7796,417587.25,7388.25,681066.0,1958751.0
2023-10-09,2023,41,Need State 4,240855.75,7217,418831.5,8591.25,737967.0,1948076.25
2021-01-04,2021,1,Need State 5,246819.75,5075,15795.0,448.5,601577.25,1055337.75
2021-01-11,2021,2,Need State 5,465099.75,11307,11154.75,285.75,601776.75,1049389.5
2021-01-18,2021,3,Need State 5,548790.75,6585,10549.5,276.0,670983.0,1050538.5
2021-01-25,2021,4,Need State 5,553418.25,6835,10443.0,237.75,624003.0,1042530.0
2021-02-01,2021,5,Need State 5,323542.5,11902,12430.5,433.5,602572.5,1041183.75
2021-02-08,2021,6,Need State 5,524925.0,11129,12349.5,233.25,588169.5,1036358.25
2021-02-15,2021,7,Need State 5,462306.75,1892,19611.75,370.5,706590.0,1037391.0
2021-02-22,2021,8,Need State 5,509691.75,9102,14553.75,315.75,859293.75,1026291.0
2021-03-01,2021,9,Need State 5,224058.75,3859,18550.5,551.25,646471.5,1039451.25
2021-03-08,2021,10,Need State 5,420538.5,17165,40655.25,675.75,949260.0,1180793.25
2021-03-15,2021,11,Need State 5,287581.5,12794,37981.5,995.25,1119555.0,1426484.25
2021-03-22,2021,12,Need State 5,660348.75,11245,71428.5,1776.75,621969.75,1440278.25
2021-03-29,2021,13,Need State 5,864904.5,11247,100258.5,2505.0,1147593.75,2117340.75
2021-04-05,2021,14,Need State 5,992937.0,3154,134664.75,3737.25,1384758.75,2920119.0
2021-04-12,2021,15,Need State 5,555201.75,6693,357144.75,6728.25,1538060.25,3106954.5
2021-04-19,2021,16,Need State 5,324018.75,14309,191838.0,6337.5,1767557.25,2933437.5
2021-04-26,2021,17,Need State 5,407784.75,1355,237999.75,8767.5,1871906.25,2954375.25
2021-05-03,2021,18,Need State 5,588853.5,7916,139817.25,7281.0,2165765.25,2860964.25
2021-05-10,2021,19,Need State 5,462042.75,8035,312561.0,13542.0,2000991.0,2879776.5
2021-05-17,2021,20,Need State 5,437219.25,7551,518168.25,17999.25,1685070.0,2803767.0
2021-05-24,2021,21,Need State 5,1303386.0,12636,513900.75,28365.75,1376120.25,2744557.5
2021-05-31,2021,22,Need State 5,444084.0,12621,394731.75,16926.0,1171755.0,2728202.25
2021-06-07,2021,23,Need State 5,475248.0,3048,550308.75,20357.25,1096478.25,2593535.25
2021-06-14,2021,24,Need State 5,424869.0,10332,285318.75,12407.25,1051805.25,2451822.0
2021-06-21,2021,25,Need State 5,669768.0,18355,431457.0,11602.5,877903.5,2425776.75
2021-06-28,2021,26,Need State 5,816594.0,18961,423452.25,14219.25,732788.25,2325798.0
2021-07-05,2021,27,Need State 5,697385.25,2200,359622.0,9683.25,566187.0,2216307.0
2021-07-12,2021,28,Need State 5,506658.75,3489,221511.0,6409.5,634808.25,2051960.25
2021-07-19,2021,29,Need State 5,442292.25,6787,185678.25,4857.0,569079.75,2022538.5
2021-07-26,2021,30,Need State 5,447265.5,2717,114351.75,2762.25,540206.25,1928239.5
2021-08-02,2021,31,Need State 5,585342.0,18523,162773.25,3534.75,496543.5,1715198.25
2021-08-09,2021,32,Need State 5,531677.25,13417,101369.25,2136.0,523584.75,1577806.5
2021-08-16,2021,33,Need State 5,1149696.0,19356,115697.25,3093.75,491658.0,1522392.75
2021-08-23,2021,34,Need State 5,772803.0,720,90660.75,2869.5,469830.75,1443813.0
2021-08-30,2021,35,Need State 5,350067.75,776,60320.25,1594.5,456770.25,1394332.5
2021-09-06,2021,36,Need State 5,431654.25,12108,54356.25,1974.0,436785.75,1352081.25
2021-09-13,2021,37,Need State 5,401247.75,15017,28747.5,1316.25,415316.25,1187435.25
2021-09-20,2021,38,Need State 5,477400.5,2721,26284.5,1104.75,403522.5,1048380.75
2021-09-27,2021,39,Need State 5,686050.5,13042,21485.25,453.75,363399.0,999865.5
2021-10-04,2021,40,Need State 5,236986.5,14031,17242.5,327.0,352750.5,954462.0
2021-10-11,2021,41,Need State 5,1000242.75,11693,16965.0,204.75,341005.5,932326.5
2021-10-18,2021,42,Need State 5,381074.25,18285,16812.0,226.5,226942.5,920925.75
2021-10-25,2021,43,Need State 5,387342.0,17886,17764.5,270.75,294897.75,913094.25
2021-11-01,2021,44,Need State 5,344643.0,14553,19355.25,264.75,182847.75,893018.25
2021-11-08,2021,45,Need State 5,474536.25,17624,20537.25,219.75,172085.25,881946.0
2021-11-15,2021,46,Need State 5,336150.0,14623,16779.0,252.75,168414.0,867792.75
2021-11-22,2021,47,Need State 5,332483.25,3893,18098.25,406.5,169581.75,862029.75
2021-11-29,2021,48,Need State 5,206840.25,11913,18330.75,647.25,162201.75,857832.0
2021-12-06,2021,49,Need State 5,354144.0,19453,20747.25,277.5,186630.75,849217.5
2021-12-13,2021,50,Need State 5,370041.75,15210,24914.25,230.25,187236.75,831126.0
2021-12-20,2021,51,Need State 5,785989.5,14126,27582.75,187.5,178176.0,838800.75
2021-12-27,2021,52,Need State 5,301517.25,10954,17217.0,382.5,193203.0,861502.5
2022-01-03,2022,1,Need State 5,323888.25,3316,28734.75,471.0,174625.5,863618.25
2022-01-10,2022,2,Need State 5,564081.0,13125,20072.25,537.0,195345.75,854471.25
2022-01-17,2022,3,Need State 5,328036.5,10302,19849.5,411.75,198354.75,849681.0
2022-01-24,2022,4,Need State 5,472599.75,17986,23655.75,540.75,178992.0,844506.75
2022-01-31,2022,5,Need State 5,517918.5,12486,22807.5,601.5,231534.75,840153.75
2022-02-07,2022,6,Need State 5,266755.5,8329,29843.25,541.5,225524.25,834605.25
2022-02-14,2022,7,Need State 5,311679.75,11729,55258.5,758.25,204607.5,786064.5
2022-02-21,2022,8,Need State 5,177261.75,13458,32664.0,493.5,193338.0,793143.0
2022-02-28,2022,9,Need State 5,1193739.0,15148,37790.25,748.5,200004.0,776436.0
2022-03-07,2022,10,Need State 5,670185.75,16178,71468.25,1540.5,686337.0,758295.0
2022-03-14,2022,11,Need State 5,291765.75,17272,43072.5,726.0,811782.0,714885.0
2022-03-21,2022,12,Need State 5,680735.25,14896,53145.0,1792.5,760760.25,746764.5
2022-03-28,2022,13,Need State 5,829482.75,10921,88083.75,2394.0,1521032.25,1200894.0
2022-04-04,2022,14,Need State 5,905097.75,9879,67195.5,1094.25,2214831.0,1252852.5
2022-04-11,2022,15,Need State 5,446220.75,12408,132243.0,1938.75,1650714.0,1527018.0
2022-04-18,2022,16,Need State 5,640003.5,7682,91773.0,1767.0,1631232.75,2282793.75
2022-04-25,2022,17,Need State 5,239607.0,7132,226299.0,3873.0,1604514.0,2383749.0
2022-05-02,2022,18,Need State 5,1422577.5,12461,167946.75,2907.0,2219390.25,2292835.5
2022-05-09,2022,19,Need State 5,884607.75,1694,470982.75,6534.0,2419461.0,2300214.75
2022-05-16,2022,20,Need State 5,1185709.5,8731,372768.75,6714.0,2238211.5,1986108.75
2022-05-23,2022,21,Need State 5,634808.25,10770,344436.0,7275.0,2051296.5,2027337.0
2022-05-30,2022,22,Need State 5,344255.25,4437,289023.0,6359.25,1672439.25,1938597.75
2022-06-06,2022,23,Need State 5,304602.75,14580,318934.5,7629.75,1603265.25,2075056.5
2022-06-13,2022,24,Need State 5,627080.25,11165,214361.25,4884.0,1748004.75,1962462.75
2022-06-20,2022,25,Need State 5,517377.0,18017,209683.5,3603.0,1486710.0,1920570.0
2022-06-27,2022,26,Need State 5,284659.5,5432,376593.0,5925.0,1238617.5,1871043.75
2022-07-04,2022,27,Need State 5,425949.75,3225,372075.0,5229.0,881193.75,1776447.0
2022-07-11,2022,28,Need State 5,811161.0,15454,316325.25,5319.0,846811.5,1839246.75
2022-07-18,2022,29,Need State 5,569270.25,1761,351225.75,4953.75,756909.0,1740398.25
2022-07-25,2022,30,Need State 5,778722.75,15983,224478.75,2443.5,615459.0,1581553.5
2022-08-01,2022,31,Need State 5,566001.75,4078,243281.25,3564.75,543747.0,1483065.0
2022-08-08,2022,32,Need State 5,911864.25,17524,173972.25,2650.5,541208.25,1388911.5
2022-08-15,2022,33,Need State 5,611402.25,15224,208303.5,3603.75,458649.75,1320723.75
2022-08-22,2022,34,Need State 5,521358.0,1026,124107.75,3119.25,460833.0,1245992.25
2022-08-29,2022,35,Need State 5,950898.75,5918,101968.5,1461.75,458765.25,1226254.5
2022-09-05,2022,36,Need State 5,428981.25,15816,96456.75,2079.75,452604.0,1189380.75
2022-09-12,2022,37,Need State 5,437718.75,9184,50045.25,988.5,433686.0,1096438.5
2022-09-19,2022,38,Need State 5,357991.5,17348,37590.75,923.25,459414.75,1007789.25
2022-09-26,2022,39,Need State 5,539021.25,13689,39851.25,465.75,488124.0,1036809.0
2022-10-03,2022,40,Need State 5,768370.5,18973,37157.25,547.5,459783.75,1005540.75
2022-10-10,2022,41,Need State 5,294296.25,14558,38195.25,612.75,474422.25,998282.25
2022-10-17,2022,42,Need State 5,437852.25,17220,37272.75,399.75,447094.5,984651.75
2022-10-24,2022,43,Need State 5,231427.5,9249,37506.0,678.75,425204.25,993497.25
2022-10-31,2022,44,Need State 5,263952.0,10895,41302.5,683.25,392870.25,986224.5
2022-11-07,2022,45,Need State 5,631227.0,10721,44122.5,526.5,394463.25,974316.75
2022-11-14,2022,46,Need State 5,1653645.0,19101,41511.0,738.75,396126.75,955153.5
2022-11-21,2022,47,Need State 5,518326.5,5314,42525.0,636.75,406467.0,952746.75
2022-11-28,2022,48,Need State 5,833511.75,9517,47463.75,1434.0,384168.0,935305.5
2022-12-05,2022,49,Need State 5,567624.75,9099,42303.75,1345.5,442544.25,922007.25
2022-12-12,2022,50,Need State 5,207589.5,8852,52988.25,717.0,407373.75,908010.0
2022-12-19,2022,51,Need State 5,279925.5,15504,66698.25,498.0,419194.5,900613.5
2022-12-26,2022,52,Need State 5,105966.0,17744,56187.0,795.75,434809.5,887407.5
2023-01-02,2023,1,Need State 5,212403.0,2225,89032.5,1221.0,397647.0,871163.25
2023-01-09,2023,2,Need State 5,591490.5,16606,62028.0,937.5,397470.75,850779.75
2023-01-16,2023,3,Need State 5,509800.5,19436,64474.5,875.25,367659.0,847217.25
2023-01-23,2023,4,Need State 5,457559.25,14866,66874.5,1019.25,449280.75,818187.0
2023-01-30,2023,5,Need State 5,512340.75,5160,66686.25,1093.5,589465.5,802232.25
2023-02-06,2023,6,Need State 5,317072.25,11604,78102.75,2187.0,909300.0,825597.0
2023-02-13,2023,7,Need State 5,247135.5,9881,141602.25,4014.75,890652.0,847074.0
2023-02-20,2023,8,Need State 5,277707.0,8878,66030.75,2139.75,692556.0,802491.75
2023-02-27,2023,9,Need State 5,1066735.5,1764,72634.5,1893.0,694999.5,1054866.0
2023-03-06,2023,10,Need State 5,1108142.25,8803,124755.75,3548.25,1021075.5,1045353.0
2023-03-13,2023,11,Need State 5,547003.5,16816,75292.5,1425.75,1064807.25,1064654.25
2023-03-20,2023,12,Need State 5,791797.5,7584,85533.0,2628.75,2111475.75,1118236.5
2023-03-27,2023,13,Need State 5,700515.75,6450,137568.0,2742.0,2072829.0,1645695.0
2023-04-03,2023,14,Need State 5,162457.5,2378,103520.25,2496.75,2560203.75,1824270.0
2023-04-10,2023,15,Need State 5,1151739.0,14354,314976.75,7094.25,2159019.75,3129303.75
2023-04-17,2023,16,Need State 5,840242.25,9439,271800.0,6849.75,2117635.5,3420489.75
2023-04-24,2023,17,Need State 5,787181.25,8923,322632.0,5802.0,2152863.75,3359925.0
2023-05-01,2023,18,Need State 5,351789.0,1318,274773.0,4909.5,2732151.0,3216064.5
2023-05-08,2023,19,Need State 5,481986.75,3872,473654.25,7177.5,3832422.0,3197670.75
2023-05-15,2023,20,Need State 5,203718.0,13898,501765.0,8891.25,3488066.25,2999379.0
2023-05-22,2023,21,Need State 5,638432.25,13669,470071.5,11021.25,2868719.25,2870152.5
2023-05-29,2023,22,Need State 5,306576.0,11709,421236.75,5580.75,3174200.25,3235680.75
2023-06-05,2023,23,Need State 5,325687.5,15664,459377.25,10229.25,3005011.5,3053439.75
2023-06-12,2023,24,Need State 5,1348201.5,18015,229480.5,4476.75,2925531.0,2989061.25
2023-06-19,2023,25,Need State 5,562329.75,6115,223968.0,3870.75,2823924.0,3015936.75
2023-06-26,2023,26,Need State 5,355639.5,3126,367922.25,8675.25,2585373.75,3000201.0
2023-07-03,2023,27,Need State 5,588289.5,13896,567182.25,7122.0,2379864.0,2928231.0
2023-07-10,2023,28,Need State 5,571829.25,11442,350797.5,7592.25,2156871.0,2591512.5
2023-07-17,2023,29,Need State 5,613476.75,9603,322473.0,3705.0,2092743.0,2560828.5
2023-07-24,2023,30,Need State 5,547067.25,11066,234322.5,3881.25,1943230.5,2424017.25
2023-07-31,2023,31,Need State 5,360810.0,13210,325967.25,5003.25,1833880.5,2335992.0
2023-08-07,2023,32,Need State 5,714004.5,17362,196348.5,4181.25,1731748.5,2165239.5
2023-08-14,2023,33,Need State 5,1046736.0,11985,203193.0,2303.25,1649125.5,2146356.75
2023-08-21,2023,34,Need State 5,532166.25,10136,121110.0,2762.25,1592987.25,2009585.25
2023-08-28,2023,35,Need State 5,351393.0,9437,102096.75,1339.5,1546667.25,1949164.5
2023-09-04,2023,36,Need State 5,491935.5,12835,131212.5,2147.25,1517832.75,1905132.0
2023-09-11,2023,37,Need State 5,586676.25,13570,54834.75,1051.5,1501643.25,1794207.0
2023-09-18,2023,38,Need State 5,492169.5,4730,49947.75,813.75,1476577.5,1657944.0
2023-09-25,2023,39,Need State 5,642145.5,5446,43021.5,663.75,1426885.5,1442409.75
2023-10-02,2023,40,Need State 5,628323.75,3452,57792.75,698.25,1386183.75,1373699.25
2023-10-09,2023,41,Need State 5,600489.0,9652,36111.0,928.5,1352883.75,1329480.75
